Feature,Coefficient
CGPA,0.11252708444059877
Research,0.02402678764620614
LOR ,0.017237983661425454
TOEFL Score,0.0029958733715185794
University Rating,0.002568797743526611
GRE Score,0.0024344383948367563
SOP,0.001813690012812437
